{
  "timestamp": "2025-11-10T20:07:24.678260",
  "enhancement_summary": {
    "percentile_outlier_filtering": true,
    "weather_delta_features": true,
    "driver_encoding": true,
    "track_normalization": true,
    "track_metadata_added": true,
    "weather_balancing": true,
    "feature_scaling": true,
    "ensemble_weights_optimized": true,
    "grouped_cv": true,
    "diagnostics_generated": true
  },
  "outlier_removal_stats": {},
  "ensemble_weights": {
    "lightgbm": 0.46488053246053596,
    "xgboost": 0.09951691689373279,
    "catboost": 0.4356025506457313
  },
  "feature_importance_top10": {
    "lightgbm": {
      "LAP_TIME": 181,
      "LAP_COUNT": 77,
      "STD_LAP_TIME": 76,
      "AVG_TOP_SPEED": 52,
      "AVG_KPH": 51,
      "AVG_S2": 50,
      "AVG_S1": 46,
      "AVG_LAP_TIME": 42,
      "TRACK_TEMP": 38,
      "AVG_S3": 34
    },
    "xgboost": {
      "TRACK_TEMP": 0.5898932814598083,
      "AIR_TEMP": 0.12112849950790405,
      "HUMIDITY": 0.06470930576324463,
      "MIN_LAP_TIME": 0.04972529783844948,
      "RACE_SESSION": 0.04359513521194458,
      "LAP_TIME": 0.038978103548288345,
      "TRACK_Sebring": 0.02174697071313858,
      "WIND_SPEED": 0.016697900369763374,
      "AVG_S2": 0.012539946474134922,
      "STD_LAP_TIME": 0.011014067567884922
    },
    "catboost": {
      "TRACK_TEMP": 66.47232276025174,
      "LAP_TIME": 9.188512833999848,
      "WIND_SPEED": 7.088429728159512,
      "AVG_KPH": 4.560018113751139,
      "HUMIDITY": 4.297592020219182,
      "AVG_TOP_SPEED": 2.56505688770576,
      "STD_LAP_TIME": 1.5169862728248165,
      "LAP_COUNT": 0.6895229496878705,
      "AVG_S2": 0.6597341864974767,
      "AVG_S1": 0.6472239536942089
    }
  },
  "track_wise_performance": {
    "lightgbm": {
      "COTA": {
        "mae": 0.10826370213456392,
        "rmse": 0.1447899984612899,
        "r2": 0.8799356763631725,
        "samples": 157
      },
      "Road America": {
        "mae": 0.11425116700128134,
        "rmse": 0.14160781761224947,
        "r2": 0.9763796826929757,
        "samples": 125
      },
      "Sebring": {
        "mae": 0.11653266522242503,
        "rmse": 0.15364040049546654,
        "r2": 0.5574944352096128,
        "samples": 109
      },
      "Sonoma": {
        "mae": 0.12258472420076028,
        "rmse": 0.1558396156680193,
        "r2": 0.7630254801853458,
        "samples": 209
      },
      "VIR": {
        "mae": 0.1149874352395549,
        "rmse": 0.1471857720182767,
        "r2": 0.6863408614851798,
        "samples": 127
      },
      "barber": {
        "mae": 0.12557567544785067,
        "rmse": 0.15435882467214135,
        "r2": 0.08283770049246286,
        "samples": 175
      }
    },
    "xgboost": {
      "COTA": {
        "mae": 0.10525424659574613,
        "rmse": 0.145505499655163,
        "r2": 0.8787461131773978,
        "samples": 157
      },
      "Road America": {
        "mae": 0.11432706209508016,
        "rmse": 0.14516832724919096,
        "r2": 0.9751769573676174,
        "samples": 125
      },
      "Sebring": {
        "mae": 0.1149992974976514,
        "rmse": 0.15081497289908274,
        "r2": 0.5736200284789157,
        "samples": 109
      },
      "Sonoma": {
        "mae": 0.12144528580389245,
        "rmse": 0.1563704978742841,
        "r2": 0.7614081784542576,
        "samples": 209
      },
      "VIR": {
        "mae": 0.11576900035592963,
        "rmse": 0.14754879181283864,
        "r2": 0.6847917322120629,
        "samples": 127
      },
      "barber": {
        "mae": 0.12343860892793801,
        "rmse": 0.15223441432374593,
        "r2": 0.10790942748894727,
        "samples": 175
      }
    },
    "catboost": {
      "COTA": {
        "mae": 0.10533102402380433,
        "rmse": 0.14427099886642034,
        "r2": 0.8807948745805199,
        "samples": 157
      },
      "Road America": {
        "mae": 0.10872144468480445,
        "rmse": 0.13966032479106377,
        "r2": 0.9770249024814747,
        "samples": 125
      },
      "Sebring": {
        "mae": 0.1119870985330266,
        "rmse": 0.1497070725392207,
        "r2": 0.5798614701327014,
        "samples": 109
      },
      "Sonoma": {
        "mae": 0.12044835202901627,
        "rmse": 0.15493846362955335,
        "r2": 0.7657581953239965,
        "samples": 209
      },
      "VIR": {
        "mae": 0.11331590107065063,
        "rmse": 0.14317232558197926,
        "r2": 0.7032132939510933,
        "samples": 127
      },
      "barber": {
        "mae": 0.1259278176498815,
        "rmse": 0.15490084045425542,
        "r2": 0.07638534210198089,
        "samples": 175
      }
    },
    "ensemble": {
      "COTA": {
        "mae": 0.10382869596207463,
        "rmse": 0.14323571606675084,
        "r2": 0.8824995584149496,
        "samples": 157
      },
      "Road America": {
        "mae": 0.10957937920669306,
        "rmse": 0.1394267641686067,
        "r2": 0.9771016829287679,
        "samples": 125
      },
      "Sebring": {
        "mae": 0.11225519159459368,
        "rmse": 0.14943067278940847,
        "r2": 0.5814114167370974,
        "samples": 109
      },
      "Sonoma": {
        "mae": 0.12031040278908316,
        "rmse": 0.15450128410589475,
        "r2": 0.767078219319324,
        "samples": 209
      },
      "VIR": {
        "mae": 0.1140580769779016,
        "rmse": 0.1443630346068751,
        "r2": 0.6982562451918233,
        "samples": 127
      },
      "barber": {
        "mae": 0.12521834797899872,
        "rmse": 0.1540274471315884,
        "r2": 0.08677140175638609,
        "samples": 175
      }
    }
  },
  "overall_metrics": {
    "lightgbm": {
      "MAE": 0.11771642179189278,
      "RMSE": 0.15026831464507878,
      "R\u00b2": 0.972131386089431,
      "MAPE": 5.717537672610632
    },
    "xgboost": {
      "MAE": 0.11644923197923161,
      "RMSE": 0.15027099519787895,
      "R\u00b2": 0.9721303918151885,
      "MAPE": 5.6668814133037575
    },
    "catboost": {
      "MAE": 0.11522831285610204,
      "RMSE": 0.14878814078626737,
      "R\u00b2": 0.9726777052712209,
      "MAPE": 5.598097922021722
    },
    "ensemble": {
      "MAE": 0.11505299823295978,
      "RMSE": 0.14843041999365297,
      "R\u00b2": 0.972808925457235,
      "MAPE": 5.606084554088255
    }
  },
  "best_hyperparameters": {
    "lightgbm": {
      "num_leaves": 45,
      "learning_rate": 0.21227334472098044,
      "feature_fraction": 0.9087109959627296,
      "bagging_fraction": 0.7381859778397436,
      "bagging_freq": 1,
      "min_child_samples": 21,
      "max_depth": 5,
      "reg_alpha": 0.00012104443336685521,
      "reg_lambda": 5.248536280640831,
      "objective": "regression",
      "metric": "mae",
      "verbosity": -1
    },
    "xgboost": {
      "max_depth": 4,
      "learning_rate": 0.013300161113611177,
      "subsample": 0.765195531785554,
      "colsample_bytree": 0.7423400373823003,
      "min_child_weight": 2,
      "gamma": 3.378812352411673e-07,
      "reg_alpha": 1.952114881658246,
      "reg_lambda": 9.879192474391198,
      "objective": "reg:squarederror",
      "eval_metric": "mae",
      "verbosity": 0
    },
    "catboost": {
      "depth": 7,
      "learning_rate": 0.010406755076983576,
      "l2_leaf_reg": 9.134446879231278e-07,
      "bagging_temperature": 0.8224640506009631,
      "random_strength": 0.11101214850658228,
      "loss_function": "MAE",
      "verbose": false
    }
  },
  "total_features": 23
}