{
  "ideal_laps_count": 1731,
  "total_laps_with_delta": 2127,
  "mean_delta": 6.991232722143859,
  "std_delta": 17.149034181200367,
  "min_delta": -4.1440000000000055,
  "max_delta": 145.08599999999998
}