{
  "timestamp": "2025-11-10T06:58:35.979826",
  "enhancement_summary": {
    "percentile_outlier_filtering": true,
    "weather_delta_features": true,
    "driver_encoding": true,
    "track_normalization": true,
    "track_metadata_added": true,
    "weather_balancing": true,
    "feature_scaling": true,
    "ensemble_weights_optimized": true,
    "grouped_cv": true,
    "diagnostics_generated": true
  },
  "outlier_removal_stats": {},
  "ensemble_weights": {
    "lightgbm": 0.38919747721334325,
    "xgboost": 0.4984973233617122,
    "catboost": 0.11230519942494446
  },
  "feature_importance_top10": {
    "lightgbm": {
      "AVG_SECTOR_SPEED": 4640,
      "PERF_VS_TRACK_RECORD": 1738,
      "KPH": 1604,
      "SPEED_EFFICIENCY": 1566,
      "LAP_TIME_NORMALIZED": 1200,
      "S1_RATIO": 1170,
      "ROLLING_MIN_LAP_5": 1170,
      "S2_RATIO": 1156,
      "BEST_LAP_SECONDS": 1064,
      "DEGRADATION_RATE": 932
    },
    "xgboost": {
      "S3_SECONDS": 0.2650570273399353,
      "TRACK_ID": 0.2562984526157379,
      "TRACK_ENCODED": 0.15448808670043945,
      "AVG_SECTOR_SPEED": 0.14343522489070892,
      "S2_SECONDS": 0.06370276212692261,
      "TRACK_AVG_LAPTIME": 0.05754738673567772,
      "AIR_TEMP": 0.01149097178131342,
      "ROLLING_MIN_LAP_5": 0.009730753488838673,
      "S3_ROLLING_MEAN_3": 0.006530644837766886,
      "HUMIDITY": 0.006214639637619257
    },
    "catboost": {
      "S3_SECONDS": 5.313025384434739,
      "AVG_SECTOR_SPEED": 4.442598938568388,
      "S2_SECONDS_NORMALIZED": 3.8748582591035494,
      "TRACK_ENCODED": 3.817274513557811,
      "GAP_TO_BEST": 3.5332528756731176,
      "KPH": 3.1880760799057444,
      "AVG_SPEED_TRACK_NORM": 3.071805393048411,
      "BEST_LAP_SECONDS": 2.8306908573543335,
      "LAP_TIME_NORMALIZED": 2.711661485670904,
      "DRIVER_PERFORMANCE_INDEX": 2.6337233751634246
    }
  },
  "track_wise_performance": {
    "lightgbm": {
      "COTA": {
        "mae": 0.12849270767051377,
        "rmse": 0.2626235180835779,
        "r2": 0.9997974783353819,
        "samples": 151
      },
      "Road America": {
        "mae": 0.30468994290474016,
        "rmse": 0.5832820775329556,
        "r2": 0.9996211038836986,
        "samples": 121
      },
      "Sebring": {
        "mae": 0.06563758106883646,
        "rmse": 0.10720532822223124,
        "r2": 0.9997990753934402,
        "samples": 104
      },
      "Sonoma": {
        "mae": 0.15112543113971508,
        "rmse": 0.6211798902901312,
        "r2": 0.9985085640816656,
        "samples": 202
      },
      "VIR": {
        "mae": 0.05896958271268327,
        "rmse": 0.12506653047973804,
        "r2": 0.9998671771991063,
        "samples": 123
      },
      "barber": {
        "mae": 0.0329620766432536,
        "rmse": 0.13959072407856793,
        "r2": 0.9978981745198039,
        "samples": 168
      }
    },
    "xgboost": {
      "COTA": {
        "mae": 0.09506449920452187,
        "rmse": 0.2121834575998927,
        "r2": 0.9998678012639204,
        "samples": 151
      },
      "Road America": {
        "mae": 0.20408074093653153,
        "rmse": 0.4195440568467825,
        "r2": 0.9998039720328125,
        "samples": 121
      },
      "Sebring": {
        "mae": 0.050278491680438936,
        "rmse": 0.12426189610300635,
        "r2": 0.9997300543475884,
        "samples": 104
      },
      "Sonoma": {
        "mae": 0.14136076732673336,
        "rmse": 0.8192116541426511,
        "r2": 0.9974060472164342,
        "samples": 202
      },
      "VIR": {
        "mae": 0.04195724561737726,
        "rmse": 0.133802418520784,
        "r2": 0.9998479738290956,
        "samples": 123
      },
      "barber": {
        "mae": 0.02563701847621377,
        "rmse": 0.13854125295969288,
        "r2": 0.9979296596103744,
        "samples": 168
      }
    },
    "catboost": {
      "COTA": {
        "mae": 0.5041844253395725,
        "rmse": 0.7890739302503679,
        "r2": 0.9981717328785747,
        "samples": 151
      },
      "Road America": {
        "mae": 0.7654498013289328,
        "rmse": 1.3385565071444097,
        "r2": 0.9980045708656855,
        "samples": 121
      },
      "Sebring": {
        "mae": 0.26778067297877467,
        "rmse": 0.4090027327063297,
        "r2": 0.9970754920627699,
        "samples": 104
      },
      "Sonoma": {
        "mae": 0.4702948461103926,
        "rmse": 0.8126912322123111,
        "r2": 0.9974471754287314,
        "samples": 202
      },
      "VIR": {
        "mae": 0.4167044974700059,
        "rmse": 0.7063678290529962,
        "r2": 0.995763060595694,
        "samples": 123
      },
      "barber": {
        "mae": 0.17252799805122054,
        "rmse": 0.24955535253665018,
        "r2": 0.9932823509544885,
        "samples": 168
      }
    },
    "ensemble": {
      "COTA": {
        "mae": 0.10870252354461593,
        "rmse": 0.2150044862898794,
        "r2": 0.9998642626698188,
        "samples": 151
      },
      "Road America": {
        "mae": 0.2003875906437187,
        "rmse": 0.4131046147032975,
        "r2": 0.9998099433883298,
        "samples": 121
      },
      "Sebring": {
        "mae": 0.05409225665579461,
        "rmse": 0.08551296161306786,
        "r2": 0.9998721607304075,
        "samples": 104
      },
      "Sonoma": {
        "mae": 0.1380058858212463,
        "rmse": 0.6832506146515315,
        "r2": 0.9981956121887626,
        "samples": 202
      },
      "VIR": {
        "mae": 0.051476266175971265,
        "rmse": 0.08549970002296764,
        "r2": 0.999937924587811,
        "samples": 123
      },
      "barber": {
        "mae": 0.0540687697907311,
        "rmse": 0.11334629776726651,
        "r2": 0.9986142074850402,
        "samples": 168
      }
    }
  },
  "overall_metrics": {
    "lightgbm": {
      "MAE": 0.1224561737869151,
      "RMSE": 0.3954842936201905,
      "R\u00b2": 0.9998218670722876,
      "MAPE": 0.07919044456923013
    },
    "xgboost": {
      "MAE": 0.09470668294926378,
      "RMSE": 0.443197690897814,
      "R\u00b2": 0.9997762924183895,
      "MAPE": 0.061916827548724254
    },
    "catboost": {
      "MAE": 0.42789341766695504,
      "RMSE": 0.7835066589440485,
      "R\u00b2": 0.9993008487981175,
      "MAPE": 0.2913975488793327
    },
    "ensemble": {
      "MAE": 0.10308273557618947,
      "RMSE": 0.38039941319121057,
      "R\u00b2": 0.9998351968905688,
      "MAPE": 0.0704005191413111
    }
  },
  "best_hyperparameters": {
    "lightgbm": {
      "num_leaves": 49,
      "learning_rate": 0.01892380376353781,
      "feature_fraction": 0.6624123428222105,
      "bagging_fraction": 0.9996812193207756,
      "bagging_freq": 5,
      "min_child_samples": 7,
      "max_depth": 12,
      "reg_alpha": 0.015633838004575313,
      "reg_lambda": 1.64836581824063e-05,
      "objective": "regression",
      "metric": "mae",
      "verbosity": -1
    },
    "xgboost": {
      "max_depth": 10,
      "learning_rate": 0.01572795340218498,
      "subsample": 0.9236605314458679,
      "colsample_bytree": 0.8203082183491407,
      "min_child_weight": 4,
      "gamma": 0.00015779901435643572,
      "reg_alpha": 2.758047404061326e-06,
      "reg_lambda": 4.063927031785193e-08,
      "objective": "reg:squarederror",
      "eval_metric": "mae",
      "verbosity": 0
    },
    "catboost": {
      "depth": 8,
      "learning_rate": 0.0178601378893971,
      "l2_leaf_reg": 3.850031979199519e-08,
      "bagging_temperature": 0.9488855372533332,
      "random_strength": 4.905556676028766,
      "loss_function": "MAE",
      "verbose": false
    }
  },
  "total_features": 98
}